S_No,Sheet_Name,Client,Process,Sub Process,Created By,Created Date,Status
1,test12345,Information Technology,Software Development,Software Development,test123,2022-09-10T10:33:10.572Z,active
2,test,Information Technology,Software Development,Software Development,test123,2022-09-20T07:19:19.636Z,active
3,ads,Information Technology,Software Development,Software Development,test123,2022-09-20T07:21:11.428Z,active
4,test123,Information Technology,Software Development,Software Development,test123,2022-09-22T09:58:33.075Z,active
5,umar,Information Technology,Software Development,Software Development,test123,2022-09-23T09:47:36.231Z,active
6,lml,Information Technology,Software Development,Software Development,test123,2022-09-23T09:51:18.542Z,active
7,test12322,Information Technology,Software Development,Software Development,test123,2022-09-26T04:59:08.414Z,active
8,test2222,Information Technology,Software Development,Software Development,test123,2022-09-28T06:04:33.675Z,active
9,abc,Information Technology,Software Development,Software Development,test123,2022-09-28T09:11:43.240Z,active
10,test12333,Information Technology,Software Development,Software Development,test123,2022-09-29T09:22:28.403Z,active
11,sccsc,Information Technology,Software Development,Software Development,test123,2022-10-06T09:44:27.580Z,active
12,asd,Information Technology,Software Development,Software Development,test123,2022-10-06T12:21:59.558Z,active
